gene_id,logtpm
tdcR,-3.3718330007136763
yhhZ,-3.2108967824986183
yjcF,-2.351074440546878
ydcD,-2.5145731728297585
ydeO,-2.582079992188034
ybfC,-1.9434164716336324
ariR,-1.65744525452268
mngA,-1.84684321193858
hyfD,-1.0892673380970874
citF,-1.22431729826094
phnC,-1.2209504471625414
yjfL,-1.6529013293777317
hyaA,-1.5563933485243855
uidB,-1.2653445665209948
ydfD,-0.1827860757416734
dgoT,0.4436066514756145
yfaV,0.6870606883398924
thiP,0.9855004303048852
nrfE,-0.6506347224057867
rhaM,0.5655971758542251
paoD,0.2509615735332187
hofP,-0.4520566887096497
yidL,0.2750070474998697
citD,-0.8109661756099829
gabP,0.7739963251111731
paaZ,-0.4461480318188743
mokC,0.933572638261024
yfeN,-0.0892673380970874
yghS,-0.2192699635236235
fdnG,0.6690267655096307
ygcE,0.918386234446348
ycjQ,0.4114262457264649
ymfM,-0.8313579644411611
gfcD,0.9708536543404837
gatD,0.3334237337251918
mdtE,-0.0740005814437769
tynA,0.0703893278913977
idnD,0.9781956296816516
tnaB,-0.7131188522118385
yghW,-0.066427361738976
gcl,0.2141248053528473
yphG,0.0565835283663675
ais,0.5945485495503542
ycaM,-0.588573754273535
ygjH,0.5459683691052925
yagL,0.933572638261024
yjgL,0.5655971758542251
hyfE,0.01435529297707
allA,1.15704371014558
rrrD,1.8875252707415875
nrfA,1.7355221772965377
dcuD,1.5558161550616396
hybA,1.480265122054463
hyfI,1.1375035237499351
gspF,1.925999418556223
yhbO,1.316145742293356
ynbD,1.9411063109464315
ybiW,1.3617683594191534
srlB,1.819668183496456
yoaG,1.2809563138310562
fryA,1.15704371014558
dmsB,1.6870606883398924
yfdQ,1.6088092426755238
nimT,1.903038270112912
mlrA,1.516015147003665
yraH,1.0426443374084935
gntP,1.422233000683048
tauA,1.7865963618908067
aegA,1.5260688116675876
cynT,1.510961919277379
melA,1.4168397419128291
yjiK,1.2387868595871163
cadC,1.8318772411916728
tam,2.493134922305505
nfrA,2.4776773275653072
yagK,2.176322772640463
appA,2.4776773275653072
lit,2.114367024952
mhpE,2.1243281350022016
ygfS,2.114367024952
puuE,2.1667154449664223
ydhK,2.4462562298895643
yphC,2.257010618206024
yafW,2.3757345385831563
hicA,2.4276061727818994
yidG,2.289834465177509
gutM,2.0806576633452254
ttdT,2.15704371014558
yhfG,2.682573297347578
napC,2.9616233282869446
glpD,2.411426245726465
cas1,2.657640005207824
alsB,2.140778655782796
ybcW,2.797012977836145
ecpD,2.1342209397606338
ddpX,2.327687364176048
ynjA,2.84799690655495
yhdT,3.53605290024021
lldD,3.906890595608519
kptA,3.3146965256562866
csrD,3.877744249949002
marC,3.972692654004264
ybjL,3.963474123974886
srlD,3.39231742277876
ygbI,3.733354340613827
ytfP,3.4462562298895643
cbrB,3.887525270741588
malQ,3.7441610955704094
ybdJ,3.056583528366368
yejA,3.4059923596758366
pdeA,3.39231742277876
kduD,3.472487771462744
radD,3.9354597478052895
lsrR,3.286881147788161
yoaC,3.1489341045263397
yfcI,3.963474123974886
ansP,3.666756591884804
ygdQ,3.990954860396993
dsdA,3.39231742277876
pspC,3.981852653289741
lysR,3.666756591884804
napA,3.068670810665098
yfiP,4.678071905112637
mutT,4.638073837180719
glpQ,4.285402218862249
ybjP,4.944858445807539
rssB,4.802193216941825
yeeY,4.24031432933371
frlR,4.504620392403552
hybD,4.485426827170242
ydgC,4.292781749227846
clsA,4.977279923499917
flk,4.972692654004264
galP,4.270528942380718
trmO,4.733354340613827
dauA,4.270528942380718
yncD,4.255500733148386
yaiL,4.749534267669262
yhbQ,4.399171093819823
fetA,4.217230716220669
yaeI,4.906890595608519
yhjV,4.446256229889564
dosC,4.224966365000275
pgpB,4.649615459063409
truC,4.78135971352466
arfB,4.949534933017012
sad,4.53605290024021
bcr,4.990954860396993
yggC,4.459431618637297
nhaA,4.867896463992655
ydgD,4.949534933017012
yjaH,5.705977901682522
emtA,5.807354922057604
trkA,5.6865005271832185
mtfA,5.392317422778761
uvrA,5.593951283948411
oppB,5.388878338811989
mgrB,5.857980995127572
dedA,5.722466024471092
ubiA,5.371558862611963
amiA,5.472487771462744
glpX,5.044394119358453
nudG,5.832890014164741
rihA,5.554588851677638
nfo,5.478971805032942
glnD,5.017921907997263
slt,5.153805336079036
yieF,5.452858964713811
bssR,5.38543103719352
lpxM,5.539158811108031
yqjI,5.560714954474479
yghB,5.855491443101874
sfsA,5.5668151540108965
ytfB,5.738767836800192
emrB,5.149747119504682
dmsD,5.161887682376895
fruK,5.8479969065549495
yddM,5.357552004618084
yojI,5.409390936137702
epmB,5.71699089440494
edd,5.700439718141092
yheS,5.799605422452669
envZ,5.0
lysU,5.24412594328373
acnA,5.20163386116965
uspD,5.708739041359579
exoX,5.0574502721839
panE,5.336283387864432
ygdR,6.303780748177103
yqjK,6.102238193930738
glk,6.224966365000275
chaA,6.035623909730721
yheO,6.305605789585429
lptG,6.371558862611963
ubiG,6.338067797542616
ytfK,6.446256229889564
rfe,6.095924419998536
slmA,6.215290305651234
hemN,6.416164164733128
yqaA,6.255500733148386
efeB,6.270528942380718
ispE,6.414473836430928
trmA,6.0
gsiB,6.461070114033051
phoP,6.870364719583405
deoB,6.832890014164741
fadL,6.965784284662087
cpxA,6.794415866350106
entS,6.181897643108388
fdoG,6.098032082960526
yjcO,6.203592714207708
aroD,6.1719273543534605
glgB,6.318316841334983
ykfB,6.9886846867721655
yfbV,6.977279923499917
rsfS,6.857980995127572
hslV,6.94251450533924
obgE,6.894817763307944
proP,6.543805175964397
ves,6.011227255423254
xanP,6.894817763307944
glgX,6.002252451731379
folD,7.562242424221073
htpG,7.554588851677638
yeaC,7.614709844115208
hslO,7.219168520462161
ybeZ,7.149747119504682
dld,7.417852514885898
rppH,7.912889336229962
ycdY,7.409390936137702
yecJ,7.357552004618084
metI,7.924812503605781
pssA,7.129283016944966
cyaA,7.499845887083206
argS,7.20945336562895
ghrB,7.22881869049588
guaC,7.348728154231077
proA,7.721099188707185
murC,7.383704292474052
mqo,7.348728154231077
hisA,7.876516946564999
folX,7.366322214245816
tomB,7.118941072723508
lspA,7.807354922057604
fumA,7.3750394313469245
ymdA,7.321928094887363
fes,7.426264754702098
purM,8.63662462054365
yibN,8.682994583681683
bamA,8.92481250360578
rseA,8.622051819456376
rcsB,8.731319031025064
ndk,8.49585502688717
ilvL,8.569855608330949
clpX,8.599912842187127
fliH,8.405141463136344
galU,8.011227255423254
nfsB,8.118941072723507
ridA,8.308339030139408
plaP,8.271463027904375
map,8.654636028527968
fabD,8.761551232444479
argE,8.475733430966399
ispG,8.149747119504681
prs,9.194756854422248
can,9.426264754702098
argH,9.074141462752506
rmf,9.113742166049189
lpxD,9.179909090014934
nfuA,9.197216693110052
efp,9.900866807980748
ftsZ,9.030667136246942
sucB,10.588714635582264
thrL,10.688250309133178
aceE,10.076815597050832
tig,10.78135971352466
aspC,10.00842862207058
icd,11.825753832883112
glnA,11.116343961237469
atpF,11.049848549450562
rplK,12.07347215397646
rpsR,12.366322214245816
secY,12.252665432450248
rpsQ,12.889884170302828
